area,bedrooms,bathrooms,floors,age,parking,location_score,nearby_schools,nearby_hospitals,furnished,price
553,2,1,3,7,0,3,1,2,0,4059000
1083,3,4,2,3,2,3,0,5,1,7689000
765,4,1,1,9,1,9,5,5,1,7065000
711,1,3,2,16,2,1,4,2,0,4303000
1030,3,3,1,7,0,4,0,2,0,6290000
2014,5,2,3,19,1,3,2,5,0,10362000
1623,3,4,3,4,0,2,1,0,0,8439000
745,1,3,1,20,0,10,2,5,1,5785000
989,2,4,3,20,2,2,4,2,0,6207000
2869,5,1,3,13,0,10,2,5,1,14097000
2602,3,4,1,4,2,10,4,2,1,13066000
2683,2,3,1,17,0,10,4,1,1,11979000
2074,3,1,2,6,2,5,4,0,1,9852000
666,4,4,2,1,2,4,0,3,0,6588000
1237,5,3,3,2,2,1,2,3,1,8731000
2999,2,4,2,16,1,6,5,3,1,13137000
1602,5,1,3,10,1,6,2,1,1,9576000
2982,1,4,3,6,2,7,1,4,1,13106000
1831,2,2,2,0,2,9,1,3,0,9303000
1843,5,1,1,8,1,2,1,5,0,9169000
1380,3,2,1,12,1,6,2,4,1,7980000
2537,4,4,2,20,2,4,3,2,1,12301000
1421,5,3,1,13,1,9,5,3,1,9913000
925,2,2,1,3,1,7,4,5,0,6215000
2967,5,3,2,10,1,4,3,0,0,13351000
1993,5,4,2,4,2,3,0,2,1,11189000
1965,2,4,1,12,2,8,0,3,1,10065000
2516,1,4,2,0,0,5,5,1,0,10718000
1819,2,3,2,15,1,1,4,2,0,8047000
579,4,4,3,14,0,9,0,3,1,7217000
2844,1,3,2,12,2,7,0,4,1,12022000
2322,4,3,2,2,1,10,1,5,1,12626000
1431,3,2,3,7,1,5,4,0,1,8303000
2940,2,4,2,3,1,8,4,3,0,13070000
2079,4,3,3,17,1,8,3,3,0,11057000
1777,3,2,1,7,0,9,1,5,0,9241000
816,1,3,1,12,2,4,2,2,0,4848000
1583,3,2,1,6,0,5,3,1,0,7899000
981,5,1,1,15,1,10,2,0,0,7343000
2196,5,3,3,10,1,9,1,1,0,11958000
2018,2,3,2,10,2,4,3,5,0,9454000
1368,2,2,1,7,2,1,2,1,0,6284000
560,3,4,2,6,1,4,0,3,1,5970000
2548,4,2,1,10,0,3,4,1,0,10964000
1984,3,1,2,5,2,6,2,5,0,9602000
734,2,2,3,1,0,5,2,0,1,5632000
2795,1,3,3,6,2,5,1,2,1,11805000
2855,2,2,2,10,1,1,0,4,1,11295000
1730,5,3,3,15,1,1,4,1,1,9810000
2894,2,2,2,0,0,2,0,2,0,11122000
2220,1,4,2,6,2,9,3,2,1,10880000
2546,2,4,3,13,2,3,4,5,0,11378000
2749,2,4,3,6,2,9,4,3,0,12887000
925,2,4,3,16,1,9,3,5,0,7205000
1390,5,3,3,6,2,4,2,2,0,9090000
1460,4,2,1,6,1,5,5,2,0,8300000
643,1,1,3,18,0,3,5,5,1,4419000
2713,4,2,1,14,2,2,1,3,0,11419000
1108,5,3,3,8,2,4,0,0,0,7964000
782,3,1,3,4,2,7,1,0,1,6366000
638,4,2,1,8,0,1,4,0,0,4904000
2844,2,4,1,15,1,6,0,2,1,12172000
1627,3,2,1,19,1,2,4,5,1,8151000
1686,2,3,2,7,1,6,1,0,1,8668000
1903,3,4,3,12,0,8,0,0,0,9969000
2906,5,1,3,19,0,8,5,5,1,13938000
2900,2,3,3,4,0,3,0,4,0,11850000
902,5,4,2,13,1,5,2,1,1,7966000
1987,1,3,2,17,2,4,2,0,0,8321000
2981,3,3,3,2,1,3,5,1,1,13173000
2420,5,1,1,0,2,5,0,3,0,11420000
1618,4,3,2,15,2,6,3,5,1,9854000
2695,2,1,1,8,1,7,4,5,1,11525000
766,3,4,1,17,0,2,2,2,0,5398000
922,5,4,1,6,2,6,1,5,1,8446000
1512,2,4,3,1,1,2,2,0,1,8216000
1559,4,4,3,1,1,6,1,4,1,10187000
1840,2,4,2,10,0,9,4,0,1,9870000
1667,1,4,2,2,2,8,5,2,0,8851000
2289,5,1,2,20,0,10,5,1,0,11487000
2538,2,4,3,0,2,6,4,2,0,11854000
1148,4,3,3,0,2,7,4,5,0,8744000
1639,4,2,3,13,0,10,5,0,1,10007000
2773,5,3,3,7,0,4,4,5,1,13729000
1853,5,1,1,14,1,8,0,5,0,9929000
2321,1,4,2,11,1,3,2,2,0,9633000
2137,2,4,2,3,0,9,5,2,0,10691000
1743,2,1,1,6,1,5,2,1,1,8029000
1129,5,2,3,6,2,5,4,5,0,8467000
990,3,2,2,7,2,10,3,1,0,7250000
1409,2,4,1,4,2,5,4,4,1,8377000
1973,1,1,3,2,1,10,5,1,0,9199000
2560,1,3,2,1,2,10,3,3,0,11520000
2636,1,1,1,13,2,6,2,2,0,9988000
2269,2,4,2,20,0,2,0,2,0,9447000
2843,5,3,2,6,1,6,4,3,1,14019000
894,3,3,3,12,1,6,3,4,0,6872000
1087,5,1,2,18,2,6,0,2,1,7741000
2977,4,2,2,17,2,6,3,4,0,13121000
2546,1,3,1,7,1,9,1,0,1,10998000
1110,5,4,1,15,2,2,0,0,1,7830000
1723,3,4,3,1,0,5,1,1,0,9319000
2755,4,1,2,4,2,8,3,4,1,13115000
2824,5,2,3,3,0,10,0,2,0,13752000
1809,4,2,1,8,0,7,5,0,0,9367000
1497,1,2,3,4,2,3,1,0,1,7211000
1229,4,1,3,8,2,5,2,3,0,7687000
771,5,3,2,2,1,5,0,4,1,7603000
727,2,2,3,12,2,9,3,2,1,6381000
946,2,2,1,20,2,8,3,1,1,6258000
1278,5,4,1,18,2,8,2,5,0,9224000
2862,2,3,2,16,2,7,4,0,1,12416000
1519,3,1,3,5,0,3,1,1,0,7427000
2901,1,2,1,0,0,8,1,2,0,11393000
1180,2,1,3,16,2,8,5,2,1,7310000
1236,1,2,2,20,1,4,5,1,0,5828000
2218,2,4,2,13,0,1,3,0,1,9694000
1632,5,3,1,18,0,10,5,2,1,10426000
1228,5,1,3,10,2,10,1,4,1,9314000
1080,5,4,3,9,1,1,3,0,1,8160000
631,4,1,2,4,0,3,5,2,1,5753000
1088,5,2,2,18,2,1,1,1,0,6874000
2529,2,3,1,2,1,4,3,4,0,10777000
2832,5,2,1,7,2,5,3,3,0,12966000
2054,1,2,2,19,0,3,3,3,0,8092000
895,1,2,2,19,0,2,5,2,1,4895000
722,3,2,1,9,0,4,0,5,1,5636000
1606,3,3,2,18,2,6,1,2,0,8548000
2236,5,2,2,5,0,5,0,1,0,10928000
866,5,1,2,1,1,7,3,0,0,7078000
1080,1,2,1,11,2,9,4,1,1,6540000
1984,5,2,1,17,1,9,1,1,1,10882000
1235,1,2,2,18,1,2,2,0,1,5745000
1950,2,4,1,4,1,5,0,1,0,9090000
2932,2,3,1,11,2,4,1,5,0,11876000
2191,3,1,3,13,1,3,1,1,0,9383000
1419,2,3,3,11,1,10,2,2,1,8777000
2756,2,4,2,1,2,1,5,5,0,11798000
2380,3,3,3,2,0,8,3,4,1,12130000
1542,3,1,2,19,1,10,5,0,1,8696000
1995,1,3,1,20,1,1,1,0,1,7885000
1954,1,3,2,19,2,9,0,1,1,9302000
2631,4,3,2,3,2,6,1,5,1,13033000
847,4,2,1,3,0,8,0,5,0,6831000
1413,5,4,1,17,1,9,1,3,0,9509000
1680,5,3,2,16,0,8,3,4,0,10150000
2277,5,1,1,20,1,6,3,0,0,10581000
647,2,1,1,20,1,9,5,2,0,4881000
1845,5,2,1,12,1,2,4,5,0,9545000
2572,3,1,3,20,1,1,1,3,1,10626000
784,2,3,3,8,0,6,5,4,0,6122000
2235,1,1,2,4,2,1,3,2,1,8865000
1864,4,4,3,18,1,5,5,4,1,10812000
2941,4,1,3,5,0,1,3,3,0,12133000
2339,1,2,1,6,1,10,3,0,0,9947000
1515,1,4,3,3,0,3,2,1,1,7805000
949,2,3,3,10,2,5,5,5,1,7097000
1437,4,1,2,12,2,1,2,3,1,7831000
2470,3,3,1,12,2,5,1,4,1,11450000
1377,2,2,1,10,0,4,4,1,0,6601000
853,4,4,2,2,2,10,1,2,0,8009000
2138,5,2,2,11,1,5,1,5,1,11344000
851,1,1,3,7,0,7,4,3,1,5673000
2876,3,3,3,0,1,2,3,0,0,12178000
775,3,2,3,7,0,8,3,2,1,6775000
1304,5,1,3,7,2,2,3,2,1,8362000
2710,2,4,3,13,2,6,3,0,1,12320000
2485,5,4,1,1,1,1,1,2,1,12175000
2743,2,2,3,14,0,4,2,4,0,11129000
1369,3,2,1,10,2,4,0,3,0,7217000
1167,5,1,3,6,0,1,4,3,0,7341000
645,4,3,1,0,1,5,1,2,1,6475000
658,5,4,2,14,1,4,3,3,1,7254000
2236,5,2,2,7,2,10,1,3,1,12428000
1610,1,3,1,14,2,2,0,0,1,7050000
2880,5,3,3,20,1,6,0,2,0,13380000
1898,4,4,1,14,2,10,4,2,0,10854000
996,5,2,2,10,1,1,2,1,0,6708000
2481,4,4,1,20,0,2,5,0,0,10993000
535,1,4,2,12,2,4,1,5,1,5065000
1438,5,1,1,17,0,6,4,4,0,8354000
1947,5,2,3,10,1,4,3,0,1,10591000
801,4,3,2,9,0,5,1,4,0,6603000
1718,5,1,2,17,0,7,4,1,0,9334000
2547,3,1,1,7,0,8,0,4,0,10981000
1906,4,3,2,15,1,6,1,0,0,9768000
1974,5,3,1,1,1,7,5,0,1,11302000
1597,4,2,1,5,1,10,2,1,1,9661000
2640,3,2,3,7,0,2,4,5,0,11330000
622,5,1,1,13,2,6,1,3,0,5966000
1980,4,4,3,7,1,10,0,1,0,11270000
911,5,2,2,19,2,1,4,1,0,6473000
2439,3,4,1,19,0,8,1,5,0,11437000
1755,5,3,3,19,0,10,2,1,0,10555000
1738,5,2,3,17,1,8,2,5,1,10724000
2413,2,2,2,14,1,3,2,2,1,10149000
2295,5,2,2,2,1,4,4,0,0,11245000
2992,4,3,2,4,2,6,3,0,1,13846000
2234,1,2,3,14,1,4,4,2,1,9562000
1021,4,2,2,8,2,7,4,3,1,7963000
2877,4,3,2,12,2,7,2,4,0,13321000
1092,2,3,3,1,0,8,5,2,1,7746000
2957,3,2,3,15,0,10,5,0,1,13421000
2970,4,3,2,10,0,8,3,5,1,14110000
2228,3,2,1,15,1,7,0,3,0,10044000
1297,2,2,3,19,2,5,1,1,0,6781000
2149,2,1,2,8,1,7,5,2,0,9527000
1466,3,1,2,9,0,10,1,4,1,8648000
2468,2,1,2,10,2,5,5,5,1,10854000
1427,2,3,3,12,1,2,3,3,0,7301000
1045,4,2,2,16,1,5,0,5,0,7015000
2547,3,3,3,1,0,7,1,1,0,11791000
1787,1,2,2,15,1,10,2,3,1,8871000
2046,2,3,2,17,1,10,5,0,1,10348000
1343,5,2,1,12,2,10,1,0,1,9239000
1763,3,2,1,1,1,4,1,1,0,8389000
1590,2,1,3,4,1,3,5,2,1,7930000
592,5,2,1,5,0,9,4,3,1,7136000
1493,2,2,1,2,2,5,3,5,1,8089000
2779,3,2,2,20,1,1,4,1,0,10957000
799,4,1,3,1,0,9,0,0,1,7027000
1226,1,1,3,12,2,1,4,4,0,5668000
876,3,1,2,12,1,1,1,4,1,5568000
734,1,1,2,20,1,3,4,5,1,4502000
1654,3,1,2,19,0,10,5,2,0,8672000
1665,4,2,2,3,0,4,5,2,0,8925000
1763,3,2,3,13,0,2,3,4,0,8459000
1195,2,2,2,1,0,6,4,0,1,7065000
2620,3,1,2,2,2,9,2,0,0,11670000
2066,3,1,1,10,0,6,5,5,0,9498000
2270,1,2,1,12,2,4,5,3,0,9130000
1710,1,4,3,2,0,8,2,1,0,8760000
1386,2,4,1,3,2,10,3,1,1,8818000
1244,3,3,1,6,2,2,1,0,0,6762000
1259,1,3,3,14,0,9,3,1,0,7067000
1607,1,4,2,8,0,2,2,1,1,7631000
2747,2,1,2,6,2,7,0,4,1,11751000
529,1,3,1,18,1,9,2,5,0,4727000
2127,5,2,3,12,2,6,1,5,1,11741000
2805,1,4,2,8,2,1,3,0,1,11255000
2080,5,2,3,3,2,2,1,2,0,10570000
1746,4,1,1,12,0,10,4,2,0,9338000
1099,5,2,2,10,0,10,1,0,0,8147000
2499,2,2,3,9,0,10,2,5,0,11467000
2464,5,2,2,20,0,8,4,1,0,11962000
619,2,4,3,3,0,2,5,5,0,5497000
1367,5,1,2,17,2,5,1,5,1,8711000
2308,3,4,1,12,1,2,2,3,0,10294000
1799,5,2,3,19,1,7,1,3,1,10527000
1186,2,1,3,17,1,8,2,0,1,6918000
1234,5,1,3,11,0,6,5,5,0,8382000
2485,3,4,3,8,2,3,2,2,0,11485000
2351,4,1,1,17,2,6,5,1,1,11033000
1524,1,2,3,17,2,5,5,3,1,7742000
2579,2,4,3,3,2,1,3,4,0,11257000
1071,2,3,2,5,2,1,0,2,1,6303000
2488,4,2,1,3,0,6,0,3,0,11314000
2275,1,4,3,12,2,9,1,3,0,10695000
2536,2,4,2,8,0,1,2,4,0,10578000
2560,3,3,3,18,0,10,0,1,1,12290000
2397,1,4,2,20,0,8,0,2,1,10631000
711,1,3,1,18,0,7,4,2,1,5163000
2264,4,4,3,1,2,8,1,4,1,12702000
1570,2,3,2,15,2,1,2,2,0,7300000
2917,4,3,2,10,2,4,4,4,1,13531000
1205,1,1,2,19,1,5,2,1,1,5855000
600,4,1,2,17,0,10,2,5,1,6510000
1336,4,3,2,5,1,10,4,0,0,9008000
1216,5,4,2,10,2,1,0,5,0,8248000
1675,4,4,1,3,1,3,1,0,0,8965000
1828,5,4,3,18,0,1,5,3,0,10034000
1889,4,1,2,14,2,5,1,2,0,9227000
2648,5,4,2,13,0,9,5,5,0,13734000
2799,3,3,1,11,1,7,5,0,1,12577000
669,3,2,2,17,1,3,1,2,0,4907000
2654,2,4,1,2,1,5,2,4,0,11552000
1885,4,3,2,14,0,8,2,4,1,10655000
1623,4,3,1,11,0,7,4,0,0,8999000
1869,4,3,2,20,2,9,0,2,1,10597000
792,5,4,3,19,1,7,2,3,1,8156000
2034,4,3,3,13,0,7,4,3,1,11202000
2520,5,3,3,10,0,1,3,1,0,11730000
2484,4,3,2,18,0,9,3,0,1,12292000
734,5,1,2,9,2,4,5,5,1,7022000
2307,5,3,1,7,0,5,5,0,1,11781000
577,5,2,3,5,0,1,3,5,1,6381000
2417,1,2,3,1,1,10,0,5,0,10881000
949,4,4,2,5,0,1,3,2,1,7187000
2674,4,1,2,1,0,1,5,0,1,11502000
1758,1,3,2,8,0,7,3,0,0,8114000
1963,4,3,3,9,0,7,2,4,0,10639000
1976,2,1,1,3,1,8,4,0,0,8868000
2884,5,4,1,14,2,3,3,1,1,13542000
2129,2,3,2,16,1,2,5,4,0,9297000
2108,2,4,2,18,2,4,0,3,1,9974000
1971,3,2,1,19,0,6,5,4,1,9663000
995,3,2,2,0,2,8,2,0,0,6985000
2412,3,4,1,17,2,7,4,2,1,11786000
1751,1,3,2,0,1,5,0,2,0,8043000
1212,3,2,2,18,1,3,4,2,1,7066000
1846,1,4,3,6,1,10,2,1,0,9488000
2855,3,2,1,3,0,10,5,0,1,12955000
575,5,4,1,0,2,7,1,2,1,7465000
1041,4,2,3,16,1,8,5,2,0,7693000
2626,5,1,3,14,0,8,1,1,0,12318000
2708,5,4,1,17,0,2,1,1,1,12504000
1576,2,4,1,8,2,1,4,1,0,7588000
2606,1,3,3,3,2,9,0,1,1,11778000
868,2,2,2,18,2,6,5,0,0,5594000
1567,3,1,3,6,2,3,0,3,0,7841000
1466,1,1,3,17,1,4,5,3,1,7018000
751,5,2,2,15,0,10,1,5,0,7353000
514,3,4,2,10,2,3,2,3,0,5402000
2757,3,2,3,13,1,2,4,4,0,11591000
2174,4,1,1,14,2,3,3,3,0,9752000
2905,2,2,2,17,1,5,0,5,1,11975000
1655,4,3,3,5,2,1,4,0,0,8915000
720,4,2,2,9,2,2,2,0,1,5980000
2645,5,1,1,0,1,6,4,4,1,12815000
2876,1,3,2,8,2,8,1,3,0,11928000
2446,1,2,1,3,0,3,3,0,1,9578000
2431,1,1,3,9,1,9,0,3,0,10173000
1098,4,4,2,5,0,1,4,4,1,7824000
1129,5,2,3,7,0,10,5,5,0,9047000
2693,3,1,3,19,2,8,0,0,1,11899000
1262,4,3,3,18,2,5,1,2,1,8466000
1074,4,3,2,19,0,3,0,0,1,6992000
1279,3,1,1,8,2,10,5,0,0,7627000
2158,5,1,2,0,0,3,1,1,0,10244000
2657,5,4,2,3,2,3,4,5,1,13611000
2201,4,2,1,8,2,7,0,0,0,10493000
650,1,1,3,1,0,3,4,0,1,4380000
648,2,4,2,9,0,9,3,0,1,6264000
531,1,4,2,19,2,1,3,2,1,4353000
2966,4,2,2,9,1,1,3,3,0,12328000
2090,2,3,1,20,2,8,5,3,1,10230000
2055,4,3,2,11,2,4,3,4,1,10875000
1842,5,1,1,12,0,4,1,0,0,8936000
1225,5,4,1,11,1,2,5,2,1,8545000
1327,5,3,2,7,2,3,2,4,1,9071000
2026,2,3,3,6,2,5,4,0,1,10008000
2809,4,4,2,11,1,7,3,4,0,13387000
1726,5,4,2,4,1,8,3,0,1,11048000
524,5,3,1,3,2,10,2,3,1,7522000
1375,3,3,1,19,2,2,1,5,1,7645000
2295,5,1,3,3,0,1,0,0,0,10375000
2598,2,2,1,13,0,3,2,5,0,10234000
1342,1,3,2,9,0,10,4,1,1,7816000
2675,1,4,1,15,0,6,1,4,1,11255000
1994,4,4,2,1,2,5,4,4,1,11392000
2552,1,2,2,1,1,10,5,1,0,11056000
1015,4,4,3,5,0,8,3,4,1,8775000
1738,3,2,3,19,1,3,0,3,0,8294000
618,2,3,1,4,0,5,3,4,0,5054000
2499,2,1,2,12,1,9,3,3,0,10767000
2963,1,3,2,6,1,2,1,5,1,11769000
699,4,3,3,20,1,4,3,2,1,6587000
2135,4,3,2,13,1,6,5,0,0,10695000
1005,3,4,3,8,1,5,5,2,1,7795000
1216,3,4,2,19,1,2,1,5,0,7168000
2806,4,3,3,8,2,8,0,1,0,13228000
1592,5,2,1,15,1,8,2,0,0,9176000
2410,5,1,1,20,1,8,3,4,0,11560000
503,4,4,3,20,0,3,0,4,1,6039000
2803,1,4,1,2,1,9,1,3,1,12379000
2179,1,3,2,20,0,7,0,5,0,9337000
2634,1,2,3,9,1,8,1,3,0,10982000
2959,1,4,3,9,2,10,0,0,0,12697000
2055,3,4,2,19,1,4,0,5,1,10335000
864,1,2,1,12,2,7,2,2,0,5142000
2068,5,2,1,15,0,10,4,0,1,11304000
835,1,3,3,10,2,4,5,2,1,5895000
1868,4,4,3,20,1,4,1,2,1,10294000
1811,5,2,1,1,2,2,0,5,1,9963000
2312,4,3,3,0,2,3,3,0,1,11636000
1403,2,1,3,6,1,1,4,4,1,7119000
1119,2,3,3,15,1,6,1,0,1,7007000
2577,2,3,3,10,1,2,4,4,0,10911000
1769,5,2,1,14,2,2,1,3,0,9087000
2037,1,1,3,20,1,8,3,2,0,8701000
2102,2,2,2,11,1,7,5,4,1,10166000
2897,4,1,2,7,0,1,0,1,1,11871000
2638,3,3,2,10,2,1,4,4,0,11344000
544,5,3,3,16,2,6,2,1,0,6582000
1418,3,3,3,4,1,6,3,2,1,8864000
1556,3,1,3,1,2,2,5,4,0,8078000
2804,5,4,2,4,0,6,0,1,0,13402000
858,1,1,2,15,2,5,4,4,1,5304000
2368,5,1,3,11,2,8,0,1,0,11754000
763,3,2,3,12,1,3,2,2,1,5939000
850,1,2,2,13,0,2,5,1,1,4810000
1960,4,3,1,19,1,5,2,0,0,9550000
1928,1,2,2,7,0,7,3,2,1,8884000
2010,4,2,3,3,0,7,3,0,0,10370000
2633,4,4,2,2,1,7,1,1,0,12729000
2504,4,2,2,15,0,2,4,1,0,10782000
1880,5,2,1,19,0,7,5,0,1,10260000
1244,1,2,3,2,1,10,3,1,1,7612000
2715,4,2,3,5,1,7,5,5,0,12995000
1096,1,2,1,3,0,6,4,2,0,5768000
2350,3,1,2,6,2,10,1,2,1,11420000
1372,3,2,3,2,0,10,5,4,0,8806000
2037,4,2,1,15,0,5,0,1,1,9831000
1823,3,2,2,14,1,1,1,0,0,7989000
2672,5,4,2,2,1,2,4,2,1,13216000
552,3,1,3,11,0,7,0,5,0,5236000
1628,4,2,3,3,1,7,1,0,0,9224000
2939,5,2,3,2,2,10,1,1,0,14297000
999,5,4,2,8,1,8,5,3,1,9097000
1573,3,2,1,12,2,1,3,0,0,7279000
2378,2,2,1,2,2,7,2,3,0,10454000
1570,2,3,2,1,2,1,0,5,1,8090000
2647,2,2,3,4,2,2,1,0,1,11011000
1290,4,2,3,20,1,8,3,4,0,8400000
1382,4,3,3,0,1,3,1,5,0,8596000
2668,4,1,1,9,0,10,1,5,1,12624000
2216,1,2,2,10,1,4,5,2,1,9438000
1252,4,1,2,7,0,1,0,1,1,6936000
961,5,1,2,0,2,7,5,0,0,7583000
1881,5,1,2,1,0,1,0,5,1,9723000
509,1,4,1,14,0,2,0,2,1,3987000
1370,3,1,1,7,0,10,5,5,1,8470000
670,3,3,1,16,2,5,4,2,0,5580000
1953,3,3,2,15,0,5,3,5,1,10009000
663,2,1,3,19,0,7,1,1,0,4679000
2599,3,1,3,19,2,6,0,2,0,11057000
1338,5,1,1,12,0,8,0,2,1,8514000
1660,2,1,3,20,0,8,3,4,1,8510000
1806,2,4,2,11,0,5,3,5,0,9048000
2343,5,1,2,6,1,10,3,4,0,12139000
701,4,4,1,4,2,10,3,4,1,7953000
983,5,3,2,0,2,2,4,5,1,8199000
2261,3,3,1,11,1,9,5,3,0,11073000
1565,5,3,1,2,2,10,3,1,0,10175000
911,4,4,1,1,2,10,1,2,0,8003000
2089,3,1,3,20,2,4,1,5,0,9467000
679,1,4,3,9,2,9,0,3,1,6317000
2835,2,3,2,15,1,4,3,4,0,11635000
505,5,3,2,17,2,2,3,5,0,5975000
1712,2,1,1,4,2,7,4,4,1,8686000
1127,3,2,1,18,0,3,0,2,0,5911000
1324,1,3,3,16,2,6,2,5,0,7202000
2414,4,1,2,10,1,3,1,0,0,10342000
2745,2,3,3,13,2,6,4,2,1,12315000
1275,1,2,1,1,2,8,5,0,1,7155000
1085,2,4,3,0,1,4,0,0,0,6755000
2536,3,4,2,12,0,3,3,3,1,11678000
1452,1,1,3,7,0,7,3,4,0,7096000
1822,5,1,1,15,2,1,1,1,0,8636000
1067,1,2,3,14,0,7,2,1,1,6241000
2563,2,3,3,12,1,7,1,1,0,11219000
632,1,4,2,15,2,5,3,5,1,5546000
950,3,1,3,6,2,10,4,5,0,7380000
1993,3,1,2,18,2,7,5,3,0,9529000
2026,4,1,2,9,2,4,1,1,0,9518000
2473,2,4,1,16,0,7,3,3,0,10909000
2004,4,4,1,0,0,3,5,5,0,10462000
773,5,2,3,11,1,8,1,1,0,7219000
1528,4,3,2,12,2,3,5,4,1,9224000
1390,3,4,2,5,1,1,4,1,0,7690000
1773,3,2,1,4,0,4,3,4,1,8969000
929,5,4,1,5,2,2,3,4,1,7917000
1764,2,3,3,17,1,7,5,3,0,9062000
787,4,3,3,0,1,1,4,4,1,6991000
683,3,1,1,12,0,9,4,2,0,5499000
1249,4,4,1,17,1,8,2,4,1,8887000
2390,3,4,3,2,0,2,0,3,0,10940000
2386,5,3,3,7,0,8,4,3,1,13028000
2186,3,1,1,15,0,3,2,4,1,9488000
820,3,2,2,4,1,2,0,5,0,5630000
1106,3,2,2,16,1,10,5,1,1,7818000
2119,1,1,1,14,0,4,1,2,1,8267000
1605,4,4,1,20,1,7,4,2,1,9705000
2947,4,1,2,7,1,3,1,3,0,12211000
1516,1,3,1,9,1,9,0,4,1,8098000
2859,5,3,1,3,1,1,2,0,0,12467000
2289,1,1,3,4,1,2,2,1,1,9157000
1647,2,4,3,7,1,7,1,5,1,9551000
1970,5,1,2,1,2,9,0,5,1,11390000
1877,5,2,1,15,1,5,2,1,1,10051000
1153,1,2,2,6,2,9,4,3,0,6799000
1425,5,4,2,5,1,8,3,4,0,10005000
2316,4,2,1,8,0,7,0,2,1,11178000
2301,3,2,1,17,2,4,3,0,1,10213000
2879,1,2,2,10,2,4,1,0,1,11187000
1817,3,1,3,13,1,7,1,2,0,8931000
2709,4,3,1,18,2,8,5,1,0,12587000
2265,1,1,2,20,0,3,1,2,0,8235000
1736,3,1,3,8,1,8,5,3,1,9608000
2264,4,4,2,17,0,7,0,2,0,11242000
2871,4,3,1,6,2,8,5,2,1,13783000
2019,1,2,1,9,2,7,0,5,1,9177000
1852,4,3,3,7,2,4,4,3,0,10126000
503,4,2,3,5,1,3,3,5,1,6059000
2685,1,4,2,6,0,2,3,2,0,10625000
1524,2,4,2,16,0,4,1,5,1,8252000
2553,1,1,2,4,1,7,1,0,1,10379000
1176,3,4,3,0,2,8,3,5,0,8728000
2560,3,3,2,19,2,7,5,2,1,12140000
1517,4,2,1,8,2,8,0,1,1,9061000
1003,1,2,3,13,0,1,0,1,1,5069000
2444,1,4,2,1,2,4,4,1,1,10882000
887,1,2,1,17,1,3,1,4,0,4501000
2575,4,2,3,3,0,3,1,0,0,11365000
977,5,3,3,19,2,9,3,2,0,8391000
2337,5,1,3,6,2,4,0,1,0,11161000
2474,2,1,3,3,2,2,1,5,1,10562000
2121,3,3,2,1,2,1,2,3,1,10203000
2690,5,2,1,20,2,4,3,3,1,12530000
2013,1,4,1,5,2,1,0,2,1,8729000
2986,1,4,1,5,1,3,4,5,1,12258000
1728,4,2,3,5,0,8,4,4,1,10364000
1670,2,2,3,1,2,4,5,3,1,8850000
1817,5,4,2,7,1,5,0,2,0,10401000
2184,5,3,3,15,2,4,0,2,0,11192000
2327,5,2,3,15,2,9,0,1,0,12001000
586,4,4,1,5,0,2,5,3,0,5818000
2025,4,4,2,15,1,10,5,0,0,11225000
1856,3,1,2,5,1,6,0,5,0,9018000
875,1,3,1,15,1,8,1,2,1,5815000
2836,5,2,3,16,0,9,3,3,1,13998000
2648,4,1,1,18,0,7,3,5,1,12034000
1546,2,2,3,12,2,9,5,2,0,8538000
1975,1,1,1,17,2,1,0,4,0,7215000
2820,4,4,3,18,2,10,5,0,0,13850000
1983,5,3,2,12,2,10,1,4,0,11539000
2169,1,2,3,8,0,2,0,0,1,8747000
1611,5,1,3,5,1,6,5,2,0,9523000
2931,3,3,3,12,0,2,0,4,0,12133000
2815,1,1,2,20,0,6,2,5,0,10595000
1949,2,3,3,6,1,4,2,2,1,9567000
2008,3,1,3,16,0,7,4,3,1,9964000
2217,2,4,3,5,1,4,0,1,0,10121000
877,4,4,2,18,2,10,2,3,0,7881000
2341,1,4,1,0,1,4,1,4,0,9953000
1184,3,3,1,7,1,3,4,5,0,7112000
2866,4,3,1,13,1,1,5,5,1,12688000
2084,4,2,2,1,1,10,4,4,1,11712000
2485,3,2,1,5,2,7,5,1,1,11625000
2777,2,1,3,6,0,3,1,0,0,10611000
2642,2,2,3,12,2,2,2,4,0,10766000
1118,2,2,1,12,1,5,1,3,0,6024000
856,2,1,3,9,1,1,0,3,0,4748000
2569,3,3,2,19,1,3,1,2,0,10867000
1501,2,4,2,10,1,9,5,4,0,8883000
1712,1,3,1,2,1,4,4,5,0,7946000
1915,5,3,2,9,2,3,2,0,0,10115000
1523,1,4,3,2,2,7,1,0,0,8129000
949,5,1,2,5,1,6,0,3,1,7557000
2299,5,1,3,11,0,2,1,3,1,11037000
1144,2,1,3,9,1,2,0,3,1,6162000
567,3,3,2,8,0,6,4,3,1,6051000
1724,2,4,3,1,2,4,4,2,1,9492000
1614,1,3,3,15,2,5,2,2,0,7732000
611,5,4,3,4,0,4,0,1,1,7123000
1259,1,3,1,8,0,2,1,5,0,5917000
554,2,3,2,4,0,4,0,2,1,5022000
2205,5,4,3,5,0,8,1,5,1,12815000
2395,2,3,2,18,0,1,1,1,0,9395000
1623,4,1,3,16,0,4,1,4,1,8779000
1706,5,2,2,1,0,9,2,5,1,10798000
922,3,2,3,1,1,6,2,5,0,6896000
676,2,2,3,6,2,2,0,2,1,5148000
2125,4,2,1,3,0,7,5,3,1,11025000
1086,3,3,1,6,0,10,5,2,1,8028000
2939,4,1,3,20,1,6,2,0,0,12417000
918,3,1,3,19,1,7,4,4,0,6404000
1302,3,1,2,19,1,9,0,5,0,7526000
2063,5,1,3,7,1,10,2,5,1,11899000
1014,5,2,2,7,0,3,4,4,0,7332000
1185,4,3,2,18,1,1,2,3,1,7455000
899,2,3,3,15,2,10,4,5,1,7547000
2465,2,1,3,7,0,3,4,1,1,10275000
2681,5,1,2,9,0,3,5,3,1,12373000
1191,5,3,1,7,2,4,5,4,1,8763000
1919,5,1,2,17,1,4,5,2,0,9707000
2613,2,2,3,0,2,10,1,5,0,12139000
754,4,1,3,0,2,4,0,4,0,6242000
998,3,3,1,9,2,8,4,4,0,7294000
894,1,4,1,17,1,3,1,5,1,5592000
2943,5,2,3,1,0,4,2,5,1,13959000
602,5,1,3,17,1,2,1,1,1,5786000
1263,1,3,3,18,2,8,0,5,0,7179000
2834,3,3,3,9,1,1,2,1,1,12142000
2797,3,4,3,11,0,3,5,5,0,12521000
2796,2,2,3,4,1,5,0,3,0,11568000
887,3,4,3,20,0,4,5,2,0,6551000
2198,4,3,3,16,0,3,4,3,1,11034000
843,1,2,3,4,2,3,4,5,1,5749000
1958,4,3,2,2,1,4,3,4,1,10664000
610,4,2,2,3,0,1,3,4,0,5350000
2336,1,3,2,19,1,2,2,1,1,9398000
2722,2,1,1,0,1,6,5,1,0,10986000
2698,1,2,1,10,2,2,3,4,1,10524000
1660,1,2,3,3,2,9,0,2,1,8710000
1418,3,4,2,7,1,7,2,5,0,8814000
1316,2,3,3,19,2,6,3,4,0,7598000
2314,2,3,3,20,2,2,1,1,1,10062000
1143,3,1,1,20,0,6,4,0,0,6129000
2194,5,2,1,16,2,7,0,4,0,11092000
1753,2,3,1,6,0,9,2,5,0,9039000
1686,2,4,2,17,2,3,1,1,0,8088000
1756,3,3,2,13,2,8,4,5,0,9758000
2722,3,2,1,20,0,8,5,0,1,11916000
706,2,3,3,3,1,4,4,1,1,5928000
2490,5,3,2,20,2,6,3,0,1,12520000
595,5,1,3,13,2,3,5,0,1,6225000
1133,3,4,3,12,1,2,0,0,0,6859000
1234,3,3,3,9,2,2,2,2,0,7262000
2916,5,2,2,7,2,5,0,4,1,13738000
2074,5,4,1,16,0,4,2,4,1,11182000
1857,3,1,3,8,1,4,3,5,0,9011000
2860,1,1,1,3,2,5,2,2,1,11110000
1311,5,3,3,18,2,8,1,0,1,9423000
2340,4,4,1,14,0,6,1,5,0,11440000
2925,2,4,1,13,1,4,0,4,1,12295000
674,2,4,1,2,2,2,2,0,1,5382000
1712,5,1,2,13,0,4,5,0,1,9326000
1031,5,4,2,7,2,8,3,2,0,8743000
2567,2,1,1,8,0,5,1,1,0,9911000
2541,2,2,1,7,1,3,3,3,0,10193000
2941,5,4,2,13,0,2,5,3,0,13423000
1505,1,4,3,8,1,2,5,3,1,7915000
2329,1,3,2,0,2,3,5,0,0,9687000
1827,2,2,2,13,1,5,1,2,1,8661000
2514,4,2,1,1,1,7,1,0,0,11522000
1777,3,2,2,13,2,10,4,5,1,10221000
1115,1,2,2,16,1,6,0,0,1,5925000
1298,2,4,3,9,2,5,3,2,1,8154000
1346,5,1,1,11,2,6,5,2,0,8308000
2324,4,2,3,1,0,4,0,4,0,11032000
1072,3,2,3,11,1,10,0,2,1,7836000
1856,5,2,1,16,2,4,3,3,0,9708000
1686,5,1,3,12,0,1,3,4,1,9198000
2951,5,4,3,10,2,7,3,4,1,15033000
1793,2,2,3,0,1,1,2,0,0,7929000
1964,3,3,3,2,0,1,2,0,1,9502000
1554,1,4,1,5,1,9,3,0,1,8462000
1572,3,3,2,5,2,2,5,3,0,8376000
2198,4,1,1,19,0,2,5,0,0,9264000
1004,2,4,2,7,1,3,3,5,1,6922000
1758,2,1,3,12,2,2,2,1,1,8004000
1164,4,4,1,14,1,7,4,5,1,8712000
872,1,3,2,18,1,7,4,2,1,5946000
2391,5,3,1,10,2,8,3,4,1,12803000
1821,3,3,1,14,2,5,4,2,0,9073000
2754,1,2,2,4,1,6,2,1,0,10852000
2982,5,3,1,7,0,2,1,1,1,13226000
2052,1,2,3,19,0,9,5,1,1,9546000
1916,3,3,1,14,1,4,3,1,1,9388000
2793,3,3,3,10,1,1,4,3,0,11839000
581,1,2,3,11,0,10,1,2,1,5313000
1272,2,2,1,7,2,9,3,3,0,7386000
1471,1,4,1,2,2,9,1,1,0,7943000
2563,4,3,3,7,2,7,1,2,0,12489000
1563,1,3,2,20,2,7,4,2,0,7679000
2579,5,3,1,5,0,8,2,4,1,13217000
2757,2,4,1,10,0,7,3,0,0,11671000
2344,5,1,3,3,2,3,1,5,1,11822000
2305,5,3,2,6,0,5,0,0,1,11745000
2970,4,2,2,7,1,5,1,5,1,13420000
2782,3,2,3,5,0,9,0,1,0,12366000
2065,1,4,2,16,0,4,4,1,0,8845000
1323,2,2,1,1,0,3,2,5,0,6649000
2768,1,2,1,0,0,10,2,0,0,11204000
2305,2,2,2,3,1,3,3,3,0,9765000
2196,4,1,2,13,0,6,5,0,0,10178000
870,2,2,2,14,0,4,4,1,0,5200000
719,4,2,3,11,0,1,3,4,1,6117000
648,2,1,2,0,0,6,1,1,0,4664000
1456,1,1,3,15,1,6,3,5,1,7368000
1575,5,4,1,3,2,9,3,1,1,10735000
2574,3,4,1,6,0,4,4,0,1,11702000
1008,4,3,3,3,0,7,1,1,0,7634000
1069,3,4,3,13,2,9,1,2,1,8387000
941,4,2,2,18,0,3,2,2,1,6553000
1160,4,2,3,12,2,6,0,1,0,7610000
1789,3,4,3,13,0,2,0,3,0,8917000
2162,2,1,2,11,2,8,4,2,1,10106000
2178,4,1,3,4,1,3,5,4,1,10834000
663,3,2,3,12,0,7,2,0,1,5999000
729,1,4,3,3,2,5,3,2,0,5667000
2193,3,3,3,1,0,3,4,5,0,10559000
602,2,1,3,10,1,5,3,3,1,5116000
593,2,3,3,13,2,3,0,1,1,5139000
1034,2,4,3,11,0,8,2,4,0,7262000
2322,4,4,2,4,2,2,4,3,1,11796000
2062,4,2,3,7,1,2,5,1,0,9966000
522,3,1,3,10,0,6,1,3,1,5326000
1712,1,1,3,0,0,8,2,3,1,8446000
854,1,4,2,8,1,9,3,0,1,6502000
2486,5,1,1,9,0,8,4,3,0,11888000
722,3,1,1,6,1,7,0,4,0,5476000
2337,3,4,1,15,2,6,0,2,0,10851000
850,4,3,1,1,0,2,0,0,0,5930000
2204,2,4,1,0,2,8,1,2,1,11002000
694,4,2,2,0,2,3,2,2,0,5972000
1254,2,2,3,8,0,8,3,2,1,7692000
1331,2,3,2,15,0,9,3,1,1,7963000
2761,2,1,2,7,2,4,0,5,0,10993000
1333,3,1,2,7,0,1,0,1,1,6679000
541,4,1,3,7,1,1,3,3,1,5393000
2385,4,4,3,17,2,9,1,0,1,12615000
1969,4,4,3,12,2,1,4,3,0,10227000
2009,3,3,2,17,2,8,4,4,1,10767000
1742,3,2,3,3,0,10,2,1,1,9936000
2241,3,3,3,10,1,5,4,5,1,11323000
564,3,3,3,15,1,2,3,1,1,5412000
1818,1,1,3,10,2,3,5,4,0,7834000
1508,4,3,2,4,1,4,5,4,1,9374000
2899,4,2,1,8,0,3,3,1,0,12007000
600,5,1,3,11,1,9,4,2,0,6770000
1902,1,2,1,13,2,3,2,2,1,8036000
2150,4,1,3,10,1,6,4,4,0,10630000
2105,3,3,3,20,1,4,5,2,0,10005000
2585,2,2,3,7,0,10,1,4,1,12045000
1103,2,3,1,8,0,2,5,4,1,6479000
884,3,3,1,10,0,6,4,0,1,6552000
2195,1,2,1,4,2,2,3,4,1,9135000
2409,2,1,1,10,0,5,2,2,0,9517000
2667,1,1,3,12,2,6,2,2,1,10901000
2058,4,3,3,5,2,8,2,5,1,11824000
2698,2,3,3,4,1,1,3,2,1,11454000
2809,3,2,2,5,2,3,1,3,1,12137000
1457,5,1,2,2,2,1,1,1,0,8001000
2319,2,1,3,2,1,8,5,4,1,11047000
1966,2,4,2,12,1,9,2,5,0,10158000
2058,3,1,1,17,2,7,2,4,0,9464000
2967,2,2,3,6,0,8,0,0,0,12181000
2344,1,4,3,9,2,2,4,0,1,10252000
2913,1,2,3,16,2,2,3,0,1,11169000
1238,4,1,3,6,0,9,5,3,0,8304000
1106,4,4,2,13,2,3,5,0,0,7558000
1298,3,2,1,9,0,9,2,2,0,7604000
1282,1,2,1,1,0,8,1,1,1,6846000
2257,3,2,1,12,2,10,0,3,0,10741000
1192,4,1,3,4,0,3,1,1,0,6966000
2271,4,3,3,2,0,5,3,3,0,11383000
1038,2,4,3,16,2,10,5,4,1,8224000
1168,4,3,1,14,2,4,5,4,1,8054000
566,5,3,3,18,1,9,3,0,0,6938000
2625,2,4,1,7,0,6,3,5,0,11535000
2732,3,3,3,8,2,9,0,4,1,13266000
1652,5,4,1,11,0,10,5,0,1,10786000
1153,4,4,3,1,1,10,4,1,1,9509000
2641,2,4,3,5,0,2,3,4,1,11753000
1089,3,2,1,1,1,7,0,4,1,7377000
1079,5,1,2,10,0,7,3,1,1,7907000
1263,1,3,2,16,1,2,3,0,1,6219000
676,3,1,3,9,0,10,2,5,1,6598000
2677,4,4,3,7,1,6,4,5,0,13241000
1093,3,1,2,2,0,4,5,4,1,6969000
813,5,1,2,14,2,4,0,2,0,6299000
1192,1,1,2,17,2,6,5,0,0,5786000
930,2,3,2,13,0,6,3,1,1,6350000
505,5,4,2,6,2,5,5,4,1,7375000
2028,1,4,2,11,0,6,2,5,0,9314000
932,5,3,2,4,1,5,1,1,0,7486000
1436,2,3,2,8,0,9,3,3,0,8158000
2607,5,2,1,19,1,6,5,0,0,11991000
2134,1,1,3,12,1,1,0,0,0,7812000
2361,2,3,3,8,2,4,4,0,0,10423000
1875,5,4,1,20,0,10,0,4,0,10905000
1383,5,1,3,0,2,3,4,4,0,8679000
637,3,2,2,15,1,10,2,3,0,6021000
1966,5,1,2,13,0,1,3,2,0,9278000
2118,2,3,1,15,1,7,4,5,1,10254000
2395,1,4,2,12,1,8,2,4,0,10725000
694,4,2,2,15,0,9,3,4,1,6962000
839,3,4,1,12,0,6,5,1,1,6797000
910,2,2,2,13,2,8,3,2,1,6560000
1927,1,4,2,15,2,4,4,2,0,8721000
2674,5,3,2,8,0,9,1,1,1,13532000
2592,4,2,3,5,1,9,2,1,1,12896000
550,5,4,3,11,2,10,4,3,0,7840000
2447,5,2,2,20,1,4,4,3,1,11951000
2277,3,4,2,12,0,6,3,0,0,10741000
2239,2,1,2,19,1,4,5,1,0,9057000
1880,3,2,2,17,1,2,3,0,1,8750000
2555,4,1,2,20,1,7,5,5,1,12115000
2793,3,2,3,11,2,2,4,4,1,12239000
1187,2,4,3,14,0,5,3,3,1,7591000
1134,2,1,3,2,0,10,0,5,1,7512000
2882,1,4,2,14,1,1,2,3,0,11026000
1563,2,4,2,12,1,6,5,1,0,8369000
1169,1,1,2,11,2,3,4,2,1,5877000
694,2,1,1,9,2,5,4,4,1,5232000
1162,5,3,2,15,0,3,3,3,1,8196000
569,1,2,3,20,2,4,3,5,0,4307000
1281,3,2,1,4,2,9,0,0,1,8013000
898,3,3,1,8,1,8,1,2,1,7024000
1307,2,4,3,8,1,10,1,3,0,8421000
2384,3,2,1,18,1,5,4,5,0,10492000
1680,5,2,2,0,0,3,4,1,1,9660000
1066,2,3,3,15,0,2,2,3,0,6008000
2833,3,2,3,11,1,3,4,0,1,12129000
1423,1,1,1,2,1,4,1,1,1,6449000
1226,3,2,1,15,2,8,3,4,0,7508000
1264,3,3,2,7,0,3,2,0,0,7002000
2580,4,3,2,8,2,3,5,5,1,12530000
605,4,1,1,18,0,10,0,4,1,6135000
2006,5,2,1,1,1,5,2,3,1,10858000
2061,5,4,2,6,2,7,1,2,1,12003000
524,4,1,2,14,0,2,2,0,0,4392000
1061,1,1,3,18,2,4,1,4,1,5753000
2516,4,3,1,15,0,8,0,2,0,11688000
1725,2,2,1,15,0,3,1,0,0,7175000
2946,5,3,2,9,0,10,3,5,1,14858000
2467,4,1,2,11,2,10,0,4,1,12261000
1250,1,1,2,7,2,6,5,4,1,6840000
2134,1,1,1,13,1,5,5,4,0,8522000
530,3,4,2,2,1,1,0,5,0,5250000
948,1,4,1,18,0,1,2,3,1,5244000
764,2,4,1,19,2,7,5,1,1,6282000
2290,5,4,2,11,1,3,4,1,0,11570000
1701,1,4,2,6,2,3,1,1,1,8253000
1333,3,4,3,7,1,7,3,3,0,8669000
840,1,1,3,3,0,9,2,3,0,5520000
539,5,3,2,4,0,1,4,5,1,6437000
1760,1,3,1,8,1,9,5,3,0,8630000
1851,2,1,3,0,1,1,5,3,0,8163000
1403,4,3,3,1,2,2,0,0,1,8589000
1085,3,3,1,9,0,2,2,3,0,6285000
1649,1,3,2,1,0,2,2,5,0,7477000
1343,5,3,1,6,0,2,4,0,0,8009000
2537,2,3,1,13,0,8,5,1,1,11371000
860,5,1,3,9,2,4,3,3,1,7360000
553,3,4,3,5,0,7,0,1,0,5979000
2536,4,3,3,8,0,7,2,4,1,12778000
543,3,3,1,4,0,10,4,5,0,6199000
1147,2,4,1,17,0,7,1,0,1,7001000
606,5,1,1,15,2,3,2,3,1,5878000
2631,5,4,2,13,0,2,2,5,1,12883000
1900,5,3,1,13,1,7,2,4,1,10970000
1525,3,4,1,15,0,6,1,2,1,8665000
1545,2,1,2,13,2,1,3,1,0,6645000
1163,2,1,2,20,1,1,2,5,0,5489000
1838,2,3,2,10,0,10,2,3,1,9824000
1038,3,1,2,20,1,1,1,3,0,5424000
2539,4,2,3,17,0,2,1,2,0,10967000
1687,4,4,2,5,1,1,4,4,0,9291000
518,3,3,1,11,0,9,0,2,1,5824000
1450,4,2,1,8,2,1,1,5,0,7740000
705,3,1,1,14,0,6,5,1,1,5455000
689,5,2,2,9,0,3,3,0,0,5987000
1583,2,2,1,6,0,6,5,5,0,7929000
2827,5,1,1,13,0,6,5,2,1,12911000
2012,5,4,3,9,0,7,4,3,1,12016000
2428,5,1,1,16,1,10,0,3,1,12174000
2697,5,4,1,13,1,5,0,2,1,13121000
1009,3,2,2,11,1,6,0,5,1,7057000
2299,4,3,3,10,1,5,3,4,0,11477000
2662,4,1,1,9,2,3,4,3,0,11366000
2024,3,1,1,17,1,8,1,4,1,9762000
1595,2,4,2,3,0,1,3,2,1,8165000
1710,4,1,3,15,1,3,0,3,0,8490000
903,3,1,2,1,2,9,2,0,1,6939000
2334,5,1,2,16,0,10,0,3,1,11992000
1788,5,4,2,14,2,8,5,0,0,10834000
1333,5,1,3,6,0,3,4,2,1,8469000
1874,4,1,2,4,1,10,0,0,1,10242000
999,1,2,2,4,1,6,1,3,1,6077000
2358,4,1,2,9,2,10,5,1,1,12014000
2747,4,1,1,12,1,9,3,4,0,12381000
2278,1,2,1,1,0,5,2,5,0,9314000
1595,4,4,1,10,0,8,4,2,0,9525000
1495,2,2,3,15,2,10,1,0,0,8135000
801,4,1,3,6,1,7,2,1,0,6503000
1809,1,3,2,19,1,4,2,2,1,8187000
2881,3,3,3,17,2,4,3,4,1,12933000
787,2,4,2,14,2,5,5,2,1,6421000
2208,3,1,3,3,0,8,1,1,0,10284000
2394,3,4,3,4,2,6,2,0,0,11602000
2854,4,4,1,10,2,6,4,1,0,13132000
1593,3,2,1,13,0,6,2,4,1,8499000
2252,5,3,3,19,2,7,1,0,1,12076000
2643,2,4,1,12,1,1,2,5,1,11189000
2370,5,3,1,15,0,5,2,4,0,11540000
2728,2,1,1,4,1,7,3,1,1,11374000
872,3,2,2,1,0,2,4,4,0,5876000
1358,4,1,3,14,2,7,3,0,0,8094000
749,3,4,3,16,0,1,5,2,1,6167000
2458,4,1,3,15,1,5,0,0,0,10824000
1559,5,2,1,0,2,1,1,5,0,8727000
2793,4,4,1,18,0,5,4,1,0,12439000
2300,3,4,1,11,1,8,4,2,0,11220000
2255,2,3,3,1,1,1,2,4,0,9875000
1619,1,1,2,4,0,5,0,2,0,6867000
2429,1,1,1,16,1,9,2,3,1,10127000
2393,2,4,2,12,2,9,4,2,1,11829000
554,3,3,1,14,1,3,2,1,0,4702000
2173,4,3,1,19,0,10,3,1,0,10959000
1624,3,4,1,19,1,2,5,2,1,8582000
2273,3,3,1,0,2,9,4,3,1,11779000
1704,1,1,2,19,0,6,4,5,0,7382000
695,5,1,2,18,0,7,2,2,1,6615000
1913,3,3,1,17,2,4,0,4,0,9079000
1831,3,4,2,10,0,9,0,5,0,10093000
2263,5,4,3,9,2,9,2,3,0,12769000
2656,3,2,2,19,1,8,4,5,1,12338000
1673,1,1,3,20,2,1,1,3,0,6629000
2875,1,3,1,6,1,2,4,3,1,11315000
2876,5,4,1,14,2,10,2,2,1,14588000
1023,3,3,3,10,0,6,5,1,0,7089000
2253,1,4,1,20,0,5,5,1,1,9729000
2389,1,1,3,7,2,6,0,3,1,10137000
2242,5,3,2,7,1,4,3,0,0,11236000
2804,2,2,3,1,0,4,3,4,0,11622000
1326,1,2,2,16,0,5,3,2,0,6198000
1677,5,1,3,12,2,1,5,4,1,9471000
2220,1,1,3,8,1,2,4,1,0,8570000
1714,4,2,1,16,2,5,4,3,1,9382000
983,2,2,1,8,1,1,2,0,0,4939000
2601,3,3,3,18,1,7,3,1,1,12213000
1873,2,4,2,4,1,5,0,2,0,9129000
1246,1,3,3,19,2,3,1,5,1,6808000
1051,1,4,2,9,1,6,1,2,1,6663000
1022,5,3,3,11,1,3,4,1,1,8066000
654,4,4,2,13,0,7,0,3,0,6562000
1080,2,3,3,16,1,8,0,2,0,6860000
1516,2,4,1,17,2,1,5,4,0,7488000
2993,2,1,2,1,2,5,5,0,0,11859000
1479,2,4,2,1,0,1,5,1,0,7487000
976,5,4,1,19,2,2,1,4,0,7278000
1291,2,2,3,11,1,10,2,1,0,7623000
2665,2,4,1,1,1,1,2,4,0,11005000
1919,4,3,3,19,2,10,4,5,0,11127000
2838,4,1,3,9,0,5,5,2,1,12774000
2743,5,2,2,20,2,9,0,2,0,13019000
2096,4,2,2,5,2,1,4,5,1,10488000
662,3,1,2,10,2,8,5,5,0,5986000
1329,5,1,3,2,0,10,4,5,0,9397000
780,2,1,2,8,2,2,5,0,1,5030000
2467,5,3,2,20,2,9,0,5,1,13101000
756,3,4,1,16,2,9,3,2,0,6688000
1466,1,2,1,2,1,10,2,0,1,7758000
566,2,3,2,8,1,10,3,5,1,6338000
1894,3,3,2,13,2,7,5,1,0,9792000
2353,5,2,2,6,1,8,3,3,1,12499000
2556,3,4,1,18,1,7,5,2,0,11748000
1409,4,3,1,2,0,6,3,5,1,9087000
2923,1,1,2,3,0,4,1,1,0,10629000
850,5,1,1,10,0,5,1,0,1,6550000
555,2,3,1,2,1,6,2,5,1,5575000
2571,2,3,2,17,0,3,4,3,1,10933000
2880,3,4,1,4,2,4,5,2,0,12650000
2884,3,2,3,19,2,1,5,5,0,11922000
2644,4,2,2,9,0,5,0,0,1,11902000
1806,4,2,1,13,0,1,3,1,1,8728000
905,4,2,3,1,1,7,0,5,0,7395000
1909,2,2,3,5,0,8,4,3,1,9837000
1133,3,2,2,14,0,1,1,3,0,6029000
2755,3,3,3,15,1,8,0,1,0,12335000
2622,2,2,1,1,2,8,2,3,0,11356000
1019,4,2,2,14,2,8,3,5,1,8077000
1076,2,2,2,11,2,1,2,4,0,5738000
1445,5,2,1,2,0,10,0,1,1,9565000
582,4,4,2,13,1,9,5,0,1,7186000
1392,1,3,3,10,1,8,5,0,0,7526000
1935,1,2,3,19,2,3,4,5,1,8725000
787,1,1,1,10,2,10,5,5,0,5461000
1656,3,4,1,7,0,3,4,0,1,8778000
2288,4,2,3,4,2,3,3,2,1,11324000
2961,4,1,1,17,1,9,1,0,0,12543000
674,1,4,3,0,0,1,4,3,0,4882000
1148,4,4,2,1,1,8,1,0,1,8774000
1291,3,3,2,6,0,5,2,0,1,7803000
2667,3,4,2,20,1,3,0,5,1,12001000
1938,3,3,3,15,0,7,0,1,1,10034000
2034,3,2,3,18,2,1,1,2,1,9382000
612,1,1,3,11,2,5,1,1,0,4086000
2597,4,3,2,0,0,2,2,1,0,11561000
2837,5,1,3,20,1,7,0,3,1,13271000
1165,3,4,2,7,1,10,0,1,1,8525000
1390,3,4,2,18,2,2,0,3,1,8020000
1285,5,4,2,9,2,9,4,5,0,9875000
977,5,3,3,20,0,5,4,0,1,7881000
1494,5,2,1,1,1,9,4,5,1,10162000
1449,5,2,2,2,2,6,1,4,1,9637000
758,4,1,3,20,2,1,4,0,0,5324000
1084,2,2,3,20,1,9,1,4,0,6832000
1476,2,2,3,15,1,6,2,1,1,7898000
2456,1,4,2,17,1,1,0,1,1,9848000
592,3,1,1,14,0,3,5,2,0,4336000
2541,4,3,3,20,0,9,3,4,1,12903000
1838,2,2,2,11,0,8,1,1,0,8614000
2991,4,3,1,17,2,2,3,0,1,12783000
1057,2,3,1,19,1,4,3,4,1,6421000
732,3,4,2,10,1,3,5,5,0,6246000
2358,4,3,3,17,2,8,1,2,0,11824000
2585,5,4,3,9,0,10,2,4,1,14155000
2943,4,2,2,17,1,10,4,2,0,13429000
1734,2,3,3,4,1,10,2,3,0,9532000
2535,4,3,1,20,0,1,3,0,1,11005000
1411,2,2,1,6,1,1,1,1,1,6683000
2192,1,4,1,15,0,2,5,3,0,8936000
1758,3,3,1,18,2,5,4,4,1,9344000
719,1,1,2,5,0,10,1,3,0,5017000
776,5,4,2,15,1,5,2,2,1,7618000
2675,4,2,1,20,0,9,5,1,1,12495000
